question,gold_source_docs,gold_pages_raw,retrieved_chunks,gold_page_present,match_detail
"In the Q2 2023 10-Q, did Microsoft announce any major business acquisitions or spin-offs?",*2023 Q2 MSFT*,"2023 Q2 MSFT.pdf, Pages 19 and 54","[1] 2023 Q2 MSFT.pdf p54 §PART II
Item 1A (score=0.568) | [2] 2023 Q2 MSFT.pdf p67 §ITEM 6. EXHIBITS (score=0.672) | [3] 2023 Q2 MSFT.pdf p54 §PART II
Item 1A (score=0.682) | [4] 2023 Q2 MSFT.pdf p67 §ITEM 6. EXHIBITS (score=0.487) | [5] 2023 Q2 MSFT.pdf p19 §NOTE 8 — GOODWILL (score=0.528) | [6] 2023 Q2 MSFT.pdf p30 §PART I
Item 1 (score=0.503) | [7] 2023 Q2 MSFT.pdf p53 §PART II
Item 1A (score=0.500)",✅,2023 Q2 MSFT.pdf p54
Has Microsoft announced any major new company acquisitions or sell-offs in these quarterly reports?,*MSFT*,"2023 Q3 MSFT.pdf, Pages 28 and 39","[1] 2023 Q3 MSFT.pdf p60 §ITEM 6. EXHIBITS (score=0.553) | [2] 2023 Q1 MSFT.pdf p66 §ITEM 6. EXHIBITS (score=0.567) | [3] 2022 Q3 MSFT.pdf p62 §ITEM 6. EXHIBITS (score=0.608) | [4] 2023 Q2 MSFT.pdf p67 §ITEM 6. EXHIBITS (score=0.537) | [5] 2022 Q3 MSFT.pdf p29 §PART I
Item 1 (score=0.505) | [6] 2023 Q1 MSFT.pdf p30 §PART I
Item 1 (score=0.483) | [7] 2023 Q2 MSFT.pdf p31 §PART I
Item 1 (score=0.494)",❌,not found
What was the reported revenue from Amazon's e-commerce and AWS segments in the latest quarter?,*2023 Q3 AMZN*,"2023 Q3 AMZN.pdf, Pages 19, 20 and 24","[1] 2023 Q2 AMZN.pdf p7 §Note 1 — ACCOUNTING POLIC (score=0.434) | [2] 2023 Q3 AMZN.pdf p7 §Note 1 — ACCOUNTING POLIC (score=0.591) | [3] 2023 Q2 AMZN.pdf p18 §Note 8 — SEGMENT INFORMAT (score=0.603) | [4] 2023 Q3 AMZN.pdf p18 §Note 8 — SEGMENT INFORMAT (score=0.616) | [5] 2022 Q3 AMZN.pdf p18 §Note 8 — SEGMENT INFORMAT (score=0.636) | [6] 2023 Q1 AMZN.pdf p19 §Note 8 — SEGMENT INFORMAT (score=0.656) | [7] 2023 Q1 AMZN.pdf p24 §Item 1 of Part I, “Financ (score=0.512)",❌,not found
What was the gross margin for Apple in the latest 10-Q report?,*2023 Q3 AAPL*,"2023 Q3 AAPL.pdf, Pages 4 and 20",[1] 2023 Q2 AAPL.pdf p17 §Item 1A of the Company’s  (score=0.971) | [2] 2023 Q1 AAPL.pdf p18 §Item 1A of the Company’s  (score=0.580) | [3] 2023 Q2 AAPL.pdf p17 §Item 1A of the Company’s  (score=0.819) | [4] 2023 Q1 AAPL.pdf p4 §Item 1.    Financial Stat (score=0.368) | [5] 2023 Q3 AAPL.pdf p17 §Item 1A of the Company’s  (score=0.420) | [6] 2023 Q2 AAPL.pdf p17 §Item 1A of the Company’s  (score=0.438) | [7] 2023 Q3 AAPL.pdf p17 §Item 1A of the Company’s  (score=0.963),❌,not found
"Did Amazon report any major stock buybacks in its Q3 2023 10-Q, and what was the extent of these repurchases?",*2023 Q3 AMZN*,"2023 Q3 AMZN.pdf, Pages 1, 3, 9, 16 and 23","[1] 2023 Q3 AMZN.pdf p46 §Item 6.
Exhibits (score=0.755) | [2] 2023 Q3 AMZN.pdf p46 §Item 6.
Exhibits (score=0.705) | [3] 2023 Q3 AMZN.pdf p14 §Item 1 of Part I, “Financ (score=0.618) | [4] 2023 Q3 AMZN.pdf p16 §Note 6 — STOCKHOLDERS’ EQ (score=0.751) | [5] 2023 Q3 AMZN.pdf p46 §Item 6.
Exhibits (score=0.860) | [6] 2023 Q3 AMZN.pdf p46 §Item 6.
Exhibits (score=0.694) | [7] 2023 Q3 AMZN.pdf p46 §Item 6.
Exhibits (score=0.797)",✅,2023 Q3 AMZN.pdf p16
"How much has Microsoft invested in research and development in the first quarter of 2023, and what were the strategic priorities?",*2023 Q1 MSFT*,"2023 Q1 MSFT.pdf, Pages 3, 21 and 40","[1] 2023 Q1 MSFT.pdf p40 §PART I
Item 2 (score=0.582) | [2] 2023 Q1 MSFT.pdf p52 §PART II
Item 1A (score=0.583) | [3] 2023 Q1 MSFT.pdf p36 §PART I
Item 2 (score=0.603) | [4] 2023 Q1 MSFT.pdf p22 §NOTE 13 — LEASES (score=0.413) | [5] 2023 Q1 MSFT.pdf p39 §PART I
Item 2 (score=0.534) | [6] 2023 Q1 MSFT.pdf p32 §PART I
Item 2 (score=0.708) | [7] 2023 Q1 MSFT.pdf p35 §PART I
Item 2 (score=0.654)",✅,2023 Q1 MSFT.pdf p40
"Did Apple report any share repurchase activities in its Q3 2023 10-Q, and if so, what was the scale of these buybacks?",*2023 Q3 AAPL*,"2023 Q3 AAPL.pdf, Page 18",[1] 2023 Q3 AAPL.pdf p17 §Item 1A of the Company’s  (score=0.756) | [2] 2023 Q3 AAPL.pdf p17 §Item 1A of the Company’s  (score=0.747) | [3] 2023 Q3 AAPL.pdf p24 §Item 2.    Unregistered S (score=0.618) | [4] 2023 Q3 AAPL.pdf p14 §Note 7 – Shareholders’ Eq (score=1.000) | [5] 2023 Q3 AAPL.pdf p4 §Item 1.    Financial Stat (score=0.729) | [6] 2023 Q3 AAPL.pdf p25 §Item 6.    Exhibits (score=0.693) | [7] 2023 Q3 AAPL.pdf p4 §Item 1.    Financial Stat (score=0.649),❌,not found
What changes in debt and interest expense were reported by NVIDIA in the Q1 2023 10-Q?,*2023 Q1 NVDA*,"2023 Q1 NVDA.pdf, Pages 18 and 30",[1] 2023 Q1 NVDA.pdf p3 §ITEM 1.  FINANCIAL STATEM (score=0.750) | [2] 2023 Q1 NVDA.pdf p32 §ITEM 1A. RISK FACTORS (score=0.690) | [3] 2023 Q1 NVDA.pdf p44 §ITEM 6. EXHIBITS (score=0.621) | [4] 2023 Q1 NVDA.pdf p3 §ITEM 1.  FINANCIAL STATEM (score=0.693) | [5] 2023 Q1 NVDA.pdf p3 §ITEM 1.  FINANCIAL STATEM (score=0.596) | [6] 2023 Q1 NVDA.pdf p3 §ITEM 1.  FINANCIAL STATEM (score=0.846) | [7] 2023 Q1 NVDA.pdf p23 §ITEM 2. MANAGEMENT’S DISC (score=0.736),❌,not found
Were there any significant business acquisitions or divestitures mentioned by Intel in the Q2 2023 10-Q?,*2023 Q2 INTC*,"2023 Q2 INTC.pdf, Page 16","[1] 2023 Q2 INTC.pdf p16 §Note 9 : (score=0.661) | [2] 2023 Q2 INTC.pdf p12 §Note 3 : (score=0.625) | [3] 2023 Q2 INTC.pdf p21 §Note 13 : (score=0.617) | [4] 2023 Q2 INTC.pdf p45 §Item 6.
Exhibits (score=0.790) | [5] 2023 Q2 INTC.pdf p16 §Note 9 : (score=0.566) | [6] 2023 Q2 INTC.pdf p21 §Note 13 : (score=0.700) | [7] 2023 Q2 INTC.pdf p21 §Note 13 : (score=0.595)",✅,2023 Q2 INTC.pdf p16
Were there any significant acquisitions or divestitures reported by Apple in the Q2 2023 10-Q?,*2023 Q2 AAPL*,"2023 Q2 AAPL.pdf, Pages 9 and 22",[1] 2023 Q2 AAPL.pdf p4 §Item 1.    Financial Stat (score=0.651) | [2] 2023 Q2 AAPL.pdf p17 §Item 1A of the Company’s  (score=0.776) | [3] 2023 Q2 AAPL.pdf p4 §Item 1.    Financial Stat (score=0.686) | [4] 2023 Q2 AAPL.pdf p17 §Item 1A of the Company’s  (score=0.733) | [5] 2023 Q2 AAPL.pdf p24 §Item 6.    Exhibits (score=0.716) | [6] 2023 Q2 AAPL.pdf p17 §Item 1A of the Company’s  (score=0.677) | [7] 2023 Q2 AAPL.pdf p4 §Item 1.    Financial Stat (score=0.641),❌,not found
"What legal proceedings or contingent liabilities were disclosed in NVIDIA's Q2 2023 10-Q, and what impact could they have?",*2023 Q2 NVDA*,"2023 Q2 NVDA.pdf, Pages 6, 8, 11, 16, 19, 20 and 46",[1] 2023 Q2 NVDA.pdf p46 §ITEM 6. EXHIBITS (score=0.425) | [2] 2023 Q2 NVDA.pdf p19 §Note 13 - Commitments and (score=0.491) | [3] 2023 Q2 NVDA.pdf p19 §Note 13 - Commitments and (score=0.925) | [4] 2023 Q2 NVDA.pdf p19 §Note 13 - Commitments and (score=0.496) | [5] 2023 Q2 NVDA.pdf p3 §ITEM 1. FINANCIAL STATEME (score=0.448) | [6] 2023 Q2 NVDA.pdf p3 §ITEM 1. FINANCIAL STATEME (score=0.514) | [7] 2023 Q2 NVDA.pdf p35 §ITEM 1A. RISK FACTORS (score=0.539),✅,2023 Q2 NVDA.pdf p46
"What specific legal proceedings or potential liabilities were mentioned in Apple's Q2 2023 10-Q, and what is their potential impact?",*2023 Q2 AAPL*,"2023 Q2 AAPL.pdf, Page 23",[1] 2023 Q2 AAPL.pdf p17 §Item 1A of the Company’s  (score=0.673) | [2] 2023 Q2 AAPL.pdf p17 §Item 1A of the Company’s  (score=0.661) | [3] 2023 Q2 AAPL.pdf p4 §Item 1.    Financial Stat (score=0.557) | [4] 2023 Q2 AAPL.pdf p4 §Item 1.    Financial Stat (score=0.718) | [5] 2023 Q2 AAPL.pdf p23 §Item 1.    Legal Proceedi (score=0.758) | [6] 2023 Q2 AAPL.pdf p17 §Item 1A of the Company’s  (score=0.632) | [7] 2023 Q2 AAPL.pdf p24 §Item 6.    Exhibits (score=0.646),✅,2023 Q2 AAPL.pdf p23
"In Microsoft's Q1 2023 10-Q, what relationship can be seen between Microsoft's R&D spending and the introduction of new software or services?",*2023 Q1 MSFT*,"2023 Q1 MSFT.pdf, Pages 32, 46, 51, 54 and 57","[1] 2023 Q1 MSFT.pdf p1 §PREAMBLE (score=0.492) | [2] 2023 Q1 MSFT.pdf p66 §ITEM 6. EXHIBITS (score=0.533) | [3] 2023 Q1 MSFT.pdf p66 §ITEM 6. EXHIBITS (score=0.419) | [4] 2023 Q1 MSFT.pdf p66 §ITEM 6. EXHIBITS (score=0.456) | [5] 2023 Q1 MSFT.pdf p36 §PART I
Item 2 (score=0.447) | [6] 2023 Q1 MSFT.pdf p32 §PART I
Item 2 (score=0.739) | [7] 2023 Q1 MSFT.pdf p35 §PART I
Item 2 (score=0.499)",✅,2023 Q1 MSFT.pdf p32
"For the latest quarter, what was the total revenue generated from Apple's iPhone sales?",*2023 Q3 AAPL*,"2023 Q3 AAPL.pdf, Pages 10 and 19",[1] 2023 Q1 AAPL.pdf p10 §Note 2 – Revenue (score=0.833) | [2] 2023 Q3 AAPL.pdf p10 §Note 2 – Revenue (score=0.782) | [3] 2023 Q2 AAPL.pdf p10 §Note 2 – Revenue (score=0.754) | [4] 2023 Q3 AAPL.pdf p17 §Item 1A of the Company’s  (score=0.622) | [5] 2023 Q2 AAPL.pdf p17 §Item 1A of the Company’s  (score=0.751) | [6] 2023 Q3 AAPL.pdf p17 §Item 1A of the Company’s  (score=0.783) | [7] 2023 Q2 AAPL.pdf p17 §Item 1A of the Company’s  (score=0.881),✅,2023 Q3 AAPL.pdf p10
"In the latest 10-Q, how does the revenue from Amazon's new ventures or product launches compare with its marketing and advertising expenses?",*2023 Q3 AMZN*,"2023 Q3 AMZN.pdf, Pages 19, 26, 27, 34 and 40","[1] 2023 Q3 AMZN.pdf p23 §Item 1 of Part I, “Financ (score=0.477) | [2] 2022 Q3 AMZN.pdf p23 §Item 1 of Part I, “Financ (score=0.513) | [3] 2023 Q1 AMZN.pdf p24 §Item 1 of Part I, “Financ (score=0.475) | [4] 2022 Q3 AMZN.pdf p23 §Item 1 of Part I, “Financ (score=0.399) | [5] 2023 Q2 AMZN.pdf p21 §Item 2.
Management’s Disc (score=0.553) | [6] 2023 Q1 AMZN.pdf p3 §Item 1.
Financial Stateme (score=0.518) | [7] 2023 Q1 AMZN.pdf p24 §Item 1 of Part I, “Financ (score=0.680)",❌,not found
"How much did NVIDIA allocate to research and development in Q1 2023, and what were the key areas of focus?",*2023 Q1 NVDA*,"2023 Q1 NVDA.pdf, Pages 3 and 28",[1] 2023 Q1 NVDA.pdf p3 §ITEM 1.  FINANCIAL STATEM (score=0.773) | [2] 2023 Q1 NVDA.pdf p3 §ITEM 1.  FINANCIAL STATEM (score=0.510) | [3] 2023 Q1 NVDA.pdf p3 §ITEM 1.  FINANCIAL STATEM (score=0.506) | [4] 2023 Q1 NVDA.pdf p23 §ITEM 2. MANAGEMENT’S DISC (score=0.662) | [5] 2023 Q1 NVDA.pdf p23 §ITEM 2. MANAGEMENT’S DISC (score=0.742) | [6] 2023 Q1 NVDA.pdf p23 §ITEM 2. MANAGEMENT’S DISC (score=0.640) | [7] 2023 Q1 NVDA.pdf p23 §ITEM 2. MANAGEMENT’S DISC (score=0.765),✅,2023 Q1 NVDA.pdf p3
"Which risk factors were highlighted in Amazon's Q3 2023 10-Q, and which ones have newly arisen or increased since the last report?",*2023 Q3 AMZN*,"2023 Q3 AMZN.pdf, Page 21","[1] 2023 Q3 AMZN.pdf p23 §Item 1 of Part I, “Financ (score=0.595) | [2] 2023 Q3 AMZN.pdf p14 §Item 1 of Part I, “Financ (score=0.612) | [3] 2023 Q3 AMZN.pdf p46 §Item 6.
Exhibits (score=0.551) | [4] 2023 Q3 AMZN.pdf p46 §Item 6.
Exhibits (score=0.747) | [5] 2023 Q3 AMZN.pdf p46 §Item 6.
Exhibits (score=0.715) | [6] 2023 Q3 AMZN.pdf p34 §Item 1A.
Risk Factors (score=0.708) | [7] 2023 Q3 AMZN.pdf p46 §Item 6.
Exhibits (score=0.639)",❌,not found
"Which risk factors were highlighted by NVIDIA in its Q3 2023 10-Q, especially those that are new or have intensified?",*2023 Q3 NVDA*,"2023 Q3 NVDA.pdf, Pages 26 and 43",[1] 2023 Q3 NVDA.pdf p36 §ITEM 1A. RISK FACTORS (score=0.953) | [2] 2023 Q3 NVDA.pdf p25 §ITEM 2. MANAGEMENT’S DISC (score=0.981) | [3] 2023 Q3 NVDA.pdf p36 §ITEM 1A. RISK FACTORS (score=0.762) | [4] 2023 Q3 NVDA.pdf p36 §ITEM 1A. RISK FACTORS (score=0.487) | [5] 2023 Q3 NVDA.pdf p36 §ITEM 1A. RISK FACTORS (score=0.472) | [6] 2023 Q3 NVDA.pdf p36 §ITEM 1A. RISK FACTORS (score=0.512) | [7] 2023 Q3 NVDA.pdf p36 §ITEM 1A. RISK FACTORS (score=0.549),❌,not found
Were there any significant alterations to Amazon's accounting policies as reported in the most recent 10-Q?,*2023 Q3 AMZN*,"2023 Q3 AMZN.pdf, Pages 21, 39, 40, 48 and 49","[1] 2023 Q3 AMZN.pdf p46 §Item 6.
Exhibits (score=0.508) | [2] 2023 Q2 AMZN.pdf p46 §Item 6.
Exhibits (score=0.522) | [3] 2022 Q3 AMZN.pdf p45 §Item 6.
Exhibits (score=0.538) | [4] 2023 Q1 AMZN.pdf p47 §Item 6.
Exhibits (score=0.515) | [5] 2022 Q3 AMZN.pdf p14 §Item 1 of Part I, “Financ (score=0.533) | [6] 2022 Q3 AMZN.pdf p45 §Item 6.
Exhibits (score=0.422) | [7] 2023 Q3 AMZN.pdf p46 §Item 6.
Exhibits (score=0.378)",❌,not found
"What were the risk factors identified by Intel in its Q3 2023 10-Q, especially any that are newly emerging or increasing?",*2023 Q3 INTC*,"2023 Q3 INTC.pdf, Pages 2, 26 and 43","[1] 2023 Q3 INTC.pdf p21 §Note 13 : (score=0.628) | [2] 2023 Q3 INTC.pdf p21 §Note 13 : (score=0.938) | [3] 2023 Q3 INTC.pdf p1 §PREAMBLE (score=0.733) | [4] 2023 Q3 INTC.pdf p1 §PREAMBLE (score=0.593) | [5] 2023 Q3 INTC.pdf p46 §Item 6.
Exhibits (score=0.803) | [6] 2023 Q3 INTC.pdf p1 §PREAMBLE (score=0.896) | [7] 2023 Q3 INTC.pdf p46 §Item 6.
Exhibits (score=0.698)",❌,not found
How much of Microsoft's total revenue was attributed to its Personal Computing segment in Q3 2023?,*2023 Q3 MSFT*,"2023 Q3 MSFT.pdf, Pages 27 and 34","[1] 2023 Q3 MSFT.pdf p20 §NOTE 11 — UNEARNED REVENU (score=0.777) | [2] 2023 Q3 MSFT.pdf p27 §PART I
Item 1 (score=0.845) | [3] 2023 Q3 MSFT.pdf p34 §PART I
Item 2 (score=0.897) | [4] 2023 Q3 MSFT.pdf p33 §PART I
Item 2 (score=0.841) | [5] 2023 Q3 MSFT.pdf p30 §ITEM 2. MANAGEMENT’S DISC (score=0.572) | [6] 2023 Q3 MSFT.pdf p35 §PART I
Item 2 (score=0.577) | [7] 2023 Q3 MSFT.pdf p27 §PART I
Item 1 (score=0.581)",✅,2023 Q3 MSFT.pdf p27
Did NVIDIA disclose any significant acquisitions or divestitures in the Q2 2023 10-Q?,*2023 Q2 NVDA*,"2023 Q2 NVDA.pdf, Pages 9, 34, 40, 48 and 49",[1] 2023 Q2 NVDA.pdf p10 §Note 3 - Leases (score=0.589) | [2] 2023 Q2 NVDA.pdf p46 §ITEM 6. EXHIBITS (score=0.645) | [3] 2023 Q2 NVDA.pdf p35 §ITEM 1A. RISK FACTORS (score=0.771) | [4] 2023 Q2 NVDA.pdf p3 §ITEM 1. FINANCIAL STATEME (score=0.657) | [5] 2023 Q2 NVDA.pdf p25 §ITEM 2. MANAGEMENT’S DISC (score=0.831) | [6] 2023 Q2 NVDA.pdf p3 §ITEM 1. FINANCIAL STATEME (score=0.567) | [7] 2023 Q2 NVDA.pdf p3 §ITEM 1. FINANCIAL STATEME (score=0.548),❌,not found
"What legal issues or potential liabilities were reported in Intel's Q2 2023 10-Q, and what could be their impact?",*2023 Q2 INTC*,"2023 Q2 INTC.pdf, Pages 8, 14, 16, 17 and 36","[1] 2023 Q2 INTC.pdf p21 §Note 13 : (score=0.905) | [2] 2023 Q2 INTC.pdf p21 §Note 13 : (score=0.634) | [3] 2023 Q2 INTC.pdf p21 §Note 13 : (score=0.727) | [4] 2023 Q2 INTC.pdf p45 §Item 6.
Exhibits (score=0.684) | [5] 2023 Q2 INTC.pdf p45 §Item 6.
Exhibits (score=0.894) | [6] 2023 Q2 INTC.pdf p1 §PREAMBLE (score=0.937) | [7] 2023 Q2 INTC.pdf p21 §Note 13 : (score=0.661)",❌,not found
How did exchange rate changes impact NVIDIA's financials as detailed in the latest 10-Q?,*2023 Q3 NVDA*,"2023 Q3 NVDA.pdf, Page 18",[1] 2022 Q3 NVDA.pdf p34 §ITEM 3. QUANTITATIVE AND  (score=0.500) | [2] 2023 Q2 NVDA.pdf p25 §ITEM 2. MANAGEMENT’S DISC (score=0.454) | [3] 2023 Q1 NVDA.pdf p23 §ITEM 2. MANAGEMENT’S DISC (score=0.496) | [4] 2023 Q3 NVDA.pdf p47 §ITEM 6. EXHIBITS (score=0.479) | [5] 2023 Q1 NVDA.pdf p31 §ITEM 3. QUANTITATIVE AND  (score=0.472) | [6] 2023 Q2 NVDA.pdf p34 §ITEM 3. QUANTITATIVE AND  (score=0.472) | [7] 2023 Q3 NVDA.pdf p35 §ITEM 3. QUANTITATIVE AND  (score=0.474),❌,not found
What was Apple's cash flow from operating activities as reported in the Q3 2022 10-Q?,*2022 Q3 AAPL*,"2022 Q3 AAPL.pdf, Page 8",[1] 2022 Q3 AAPL.pdf p4 §Item 1.    Financial Stat (score=1.000) | [2] 2022 Q3 AAPL.pdf p4 §Item 1.    Financial Stat (score=0.859) | [3] 2022 Q3 AAPL.pdf p4 §Item 1.    Financial Stat (score=0.656) | [4] 2022 Q3 AAPL.pdf p17 §Item 1A of the Company’s  (score=0.658) | [5] 2022 Q3 AAPL.pdf p17 §Item 1A of the Company’s  (score=0.640) | [6] 2022 Q3 AAPL.pdf p24 §Item 6.    Exhibits (score=0.595) | [7] 2022 Q3 AAPL.pdf p4 §Item 1.    Financial Stat (score=0.674),❌,not found
